<?xml version="1.0" encoding="UTF-8"?>
<root>
  <item name="com.scwang.smart.refresh.header.material.MaterialProgressDrawable void updateSizes(int) 0">
    <annotation name="androidx.annotation.IntDef">
      <val name="value" val="{com.scwang.smart.refresh.header.material.MaterialProgressDrawable.LARGE, com.scwang.smart.refresh.header.material.MaterialProgressDrawable.DEFAULT}" />
    </annotation>
  </item>
  <item name="com.scwang.smart.refresh.header.material.MaterialProgressDrawable.ProgressDrawableSize">
    <annotation name="androidx.annotation.IntDef">
      <val name="value" val="{com.scwang.smart.refresh.header.material.MaterialProgressDrawable.LARGE, com.scwang.smart.refresh.header.material.MaterialProgressDrawable.DEFAULT}" />
    </annotation>
  </item>
</root>

